WORDCOUNTS,WEIGHT
the,653
of,426
and,237
a,212
in,207
christian,205
to,187
science,186
that,111
is,72
was,68
s,63
eddy,62
for,60
by,57
it,53
as,53
with,51
mrs,48
new,47
from,44
at,40
on,40
this,39
american,38
her,38
see,37
its,35
were,35
not,34
has,31
york,31
church,30
their,30
movement,30
an,29
be,28
boston,27
religious,26
more,26
may,25
reverend,25
j,25
churches,25
he,24
i,24
one,23
no,23
had,22
she,22
which,21
e,20
against,20
james,20
william,20
such,19
but,19
these,19
also,19
have,19
ibid,18
scientists,17
many,17
who,17
are,17
there,16
been,16
years,16
all,15
medical,15
mental,15
g,15
than,15
cult,15
health,15
what,15
they,14
scientist,14
most,14
healing,14
world,14
or,14
life,14
clergymen,13
his,13
thought,13
cunningham,13
would,13
faith,13
declared,12
mind,12
journal,12
raymond,12
baker,11
ii,11
some,11
however,11
june,11
when,11
congregationalist,10
mary,10
m,10
p,10
belief,10
clerical,10
while,10
h,9
magazine,9
review,9
century,9
n,9
ministers,9
dixon,9
jewish,9
out,9
therapeutics,9
oct,9
same,9
other,9
christ,9
minister,9
so,9
although,9
states,9
much,9
since,8
view,8
passing,8
into,8
townsend,8
real,8
human,8
interest,8
apr,8
could,8
spiritual,8
ed,8
two,8
members,8
made,8
like,8
dec,8
did,8
far,8
popular,8
our,8
d,8
association,8
c,8
among,8
meeting,8
now,7
later,7
history,7
dakin,7
vols,7
thus,7
judaism,7
body,7
healers,7
growth,7
b,7
christianity,7
during,7
catholic,7
f,7
critics,7
god,7
cure,7
number,7
gifford,7
religion,7
historic,7
pastor,7
mother,7
any,7
them,7
pantheism,7
flower,7
observed,7
if,6
mar,6
biographical,6
before,6
said,6
episcopal,6
last,6
those,6
principal,6
system,6
gospel,6
appears,6
reason,6
organization,6
my,6
theological,6
dab,6
people,6
emmanuel,6
will,6
advocate,6
jesus,6
under,6
sketch,6
death,6
aug,6
orthodoxy,6
gordon,6
upon,6
humbug,6
truths,6
cs,6
united,6
itself,6
iii,6
w,6
both,6
became,6
teachings,6
jan,6
come,6
you,6
between,6
chicago,6
indeed,5
iv,5
america,5
without,5
rather,5
how,5
spirit,5
founder,5
public,5
received,5
year,5
bible,5
legislation,5
own,5
up,5
scientific,5
lynn,5
newton,5
about,5
baptist,5
end,5
appeared,5
searchlights,5
woman,5
time,5
pantheistic,5
publication,5
profession,5
after,5
hand,5
wise,5
we,5
attention,5
must,5
known,5
current,5
pulpit,5
reported,5
national,5
course,5
philosophy,5
materialism,5
themselves,5
miller,4
significant,4
common,4
way,4
religions,4
truth,4
modern,4
physicians,4
women,4
experience,4
being,4
first,4
implications,4
principles,4
book,4
great,4
reed,4
therapeutic,4
buckley,4
richard,4
divine,4
insisted,4
defense,4
fowler,4
influence,4
observers,4
l,4
bronson,4
benjamin,4
liberal,4
too,4
csj,4
bartol,4
protestant,4
came,4
dollars,4
attack,4
grounds,4
well,4
future,4
literature,4
work,4
prominent,4
part,4
nation,4
place,4
forces,4
published,4
parish,4
few,4
massachusetts,4
parliament,4
matter,4
letters,4
short,4
service,4
whatever,4
july,4
criticism,4
yet,4
cleveland,4
clergy,4
increasingly,4
only,4
social,4
pointed,4
powell,4
remarked,4
men,4
readers,4
v,4
free,4
lecture,4
congress,4
congregation,4
significance,4
moral,4
held,4
times,4
latter,4
henry,4
sept,4
practitioners,4
claimed,4
joseph,4
concord,4
methodist,4
practice,4
offered,4
over,4
country,4
quoted,4
feb,4
theory,4
little,4
through,4
city,4
question,4
idealism,4
jew,4
underhill,4
vi,4
thousand,4
johnson,4
cook,4
views,4
should,4
deny,3
quimby,3
indicated,3
college,3
introduction,3
denied,3
lyman,3
attempts,3
taken,3
nothing,3
leaders,3
origin,3
csi,3
state,3
sought,3
greene,3
fundamentalist,3
point,3
x,3
very,3
unitarian,3
monday,3
andrew,3
facts,3
author,3
lectures,3
adopted,3
warned,3
even,3
sin,3
hygienic,3
denominations,3
surprisingly,3
civilization,3
go,3
edward,3
earlier,3
progressive,3
importance,3
k,3
days,3
beecher,3
frequently,3
threat,3
atonement,3
christmas,3
peabody,3
important,3
expressed,3
advance,3
carroll,3
found,3
deal,3
reply,3
philosophical,3
though,3
fallows,3
brooks,3
basis,3
already,3
r,3
london,3
knowledge,3
alcott,3
drew,3
bishop,3
presbyterian,3
errors,3
good,3
field,3
pronounced,3
eggleston,3
error,3
annual,3
value,3
provided,3
business,3
creed,3
wrote,3
make,3
once,3
soon,3
evil,3
message,3
denounced,3
law,3
power,3
metaphysical,3
toward,3
put,3
fact,3
valid,3
nov,3
really,3
gray,3
serious,3
do,3
answer,3
viii,3
another,3
local,3
catholicism,3
churchman,3
largely,3
manifestation,3
questions,3
services,3
franklin,3
open,3
three,3
period,3
awful,3
can,3
illustrations,3
structure,3
priests,3
quarterly,3
increasing,3
note,3
practical,3
attitude,3
widespread,3
sound,3
then,3
biography,3
founded,3
temple,3
phillips,3
know,3
ministerial,3
antidote,3
connection,3
believe,3
cures,3
followers,3
theology,3
written,3
cities,3
essentially,3
sermons,3
defend,3
suffering,3
particular,3
problem,3
psychology,3
thereby,3
press,3
subject,3
worcester,3
editor,3
cambridge,3
pseud,3
samuel,3
lord,3
accept,3
dangerous,3
opinions,3
regular,3
objections,3
charles,3
rejection,3
early,3
recent,3
sufficiently,2
concerned,2
rev,2
cent,2
names,2
emerson,2
represent,2
iowa,2
schism,2
measures,2
per,2
former,2
large,2
schools,2
asserted,2
true,2
delusions,2
xxxi,2
decade,2
policy,2
position,2
holding,2
nineteenth,2
source,2
craze,2
novel,2
december,2
ideas,2
t,2
lichtenstein,2
certainly,2
posed,2
voices,2
might,2
rapid,2
meaning,2
burlington,2
degree,2
england,2
xxxvii,2
nature,2
revival,2
hegeman,2
parishioners,2
hundred,2
mississippi,2
launched,2
take,2
lodge,2
foolish,2
date,2
lathan,2
robert,2
reading,2
committed,2
growing,2
case,2
issue,2
existence,2
mortal,2
eastern,2
dying,2
mass,2
felt,2
determined,2
shared,2
reaction,2
say,2
cited,2
scandal,2
above,2
formula,2
lambert,2
central,2
historical,2
krull,2
doctor,2
development,2
patient,2
ray,2
moment,2
tremont,2
encyclopedia,2
rabbis,2
congregational,2
spreading,2
occasioned,2
nor,2
old,2
rejecting,2
fees,2
response,2
poem,2
find,2
drawn,2
bills,2
delivered,2
hardly,2
shall,2
infinite,2
ment,2
alarm,2
higher,2
defection,2
mcclure,2
recognized,2
americans,2
whose,2
air,2
hopes,2
bonney,2
influential,2
fair,2
edwin,2
similar,2
humanity,2
white,2
moreover,2
lutheran,2
developments,2
bad,2
university,2
established,2
image,2
appearing,2
entrenched,2
impact,2
invariably,2
lxxxix,2
pragmatism,2
xi,2
textbook,2
votaries,2
encouragement,2
statement,2
hereafter,2
answers,2
publicity,2
preach,2
friends,2
mariolatry,2
character,2
result,2
whom,2
bearing,2
critic,2
medicine,2
conservative,2
census,2
preacher,2
healer,2
stressing,2
teacher,2
cannot,2
meet,2
wealth,2
xiv,2
numerous,2
prayer,2
eliminate,2
aspects,2
xix,2
marsh,2
scope,2
brought,2
comment,2
ten,2
whole,2
personal,2
away,2
employed,2
missions,2
monopoly,2
president,2
league,2
miss,2
oriental,2
least,2
unfavorable,2
protestantism,2
braden,2
buildings,2
revolution,2
seized,2
warrant,2
claim,2
reporter,2
several,2
startling,2
potent,2
impossible,2
christians,2
orthodox,2
skill,2
blackstone,2
society,2
appeal,2
san,2
io,2
rabbi,2
scriptural,2
revolt,2
brief,2
judgment,2
depicted,2
communities,2
hugh,2
makes,2
us,2
favorable,2
light,2
culture,2
teaching,2
irregular,2
scriptures,2
lxxviii,2
insights,2
noted,2
fellow,2
organizations,2
resolution,2
name,2
broadened,2
passed,2
similarly,2
herbert,2
efforts,2
lack,2
leading,2
treatment,2
fundamental,2
xii,2
temples,2
xlv,2
beliefs,2
together,2
hear,2
john,2
contemporary,2
man,2
took,2
greeted,2
remarkable,2
communicants,2
thousands,2
where,2
accepted,2
material,2
wood,2
antichrist,2
mccorkle,2
day,2
thoroughly,2
remained,2
original,2
exclaimed,2
understanding,2
encounter,2
disease,2
scheme,2
crandall,2
bear,2
churchmen,2
writings,2
louis,2
concern,2
expression,2
francis,2
factor,2
trend,2
roman,2
hour,2
individuals,2
check,2
full,2
theories,2
students,2
described,2
roberts,2
vii,2
rejected,2
ties,2
discovered,2
provoked,2
reality,2
josiah,2
denunciation,2
spirits,2
why,2
valued,2
systems,2
study,2
rith,2
often,2
become,2
effect,2
lxxxviii,2
story,2
figures,2
versus,2
saw,2
stannard,2
decision,2
entitled,2
suggestion,2
me,2
today,2
continued,2
george,2
movements,2
impressive,2
suggestive,2
success,2
began,2
methods,2
lefkovits,2
philosophies,2
sympathy,2
gathered,2
door,2
stephen,2
claims,2
undertook,2
theosophy,2
following,2
indictment,2
grand,2
ever,2
reinforced,2
extension,2
exposition,2
membership,2
peel,2
cyrus,2
intellectual,2
psychotherapy,2
amzi,2
sure,2
paper,2
heber,2
gone,2
luther,2
regard,2
lxx,2
particularly,2
reflected,2
associations,2
royce,2
thompson,2
february,2
person,2
believed,2
outlook,2
id,2
illusions,2
proceedings,2
circles,2
winthrop,2
form,2
saviour,2
charged,2
therapy,2
correspondent,2
virgilius,2
getting,2
property,2
generally,2
varieties,2
economist,2
pain,2
nai,2
resignation,2
despite,2
role,2
substance,2
ranks,2
morn,2
false,2
sickness,2
intent,2
until,2
obliged,2
conditions,2
ailments,2
homiletic,2
instead,2
evidence,2
ll,2
off,2
francisco,2
speak,2
news,2
virginal,2
compounded,2
reached,2
era,2
partial,2
create,2
spokesmen,2
entire,2
given,2
glance,2
built,2
climax,2
major,2
fads,1
summed,1
proposed,1
midweek,1
deception,1
difficult,1
cranford,1
antithetical,1
does,1
archives,1
farlow,1
handsome,1
possessed,1
currently,1
done,1
encountering,1
oriented,1
xxxvi,1
sins,1
ttvo,1
cunningly,1
heroic,1
detroit,1
censtus,1
generated,1
seminary,1
groups,1
corporate,1
threatened,1
thaumaturgy,1
till,1
commitment,1
encouraged,1
righteous,1
separated,1
dangers,1
evangelist,1
personnel,1
extreme,1
nationwide,1
thrown,1
vogue,1
denomination,1
succession,1
stately,1
manuscript,1
outweighed,1
connect,1
sympathetic,1
minutes,1
group,1
told,1
becoming,1
reflection,1
wishful,1
needed,1
prediction,1
enduring,1
banishing,1
lewv,1
jews,1
outing,1
whereof,1
crowded,1
artistic,1
join,1
referring,1
blessing,1
library,1
psychiatry,1
rt,1
articles,1
studies,1
masquerade,1
favor,1
eminence,1
hip,1
considerations,1
diffuse,1
rostrum,1
child,1
lmrs,1
page,1
inoculating,1
liberty,1
fixed,1
distaste,1
plimpton,1
mccomb,1
laid,1
disaffected,1
combated,1
havoc,1
molochs,1
stonethe,1
avarice,1
domes,1
guise,1
bp,1
something,1
serialized,1
dainty,1
track,1
flaws,1
controlled,1
annals,1
faiths,1
ethic,1
precursors,1
missive,1
root,1
efficacy,1
reprinted,1
pastoral,1
decidedly,1
stressed,1
withdrawn,1
humble,1
sources,1
hence,1
specifically,1
creation,1
misgiving,1
contemptuously,1
shrewdly,1
transcendentalist,1
eddyism,1
dogmas,1
mists,1
give,1
feeling,1
attempt,1
waldo,1
sunday,1
unreal,1
tuition,1
contribtution,1
advanced,1
discerned,1
diseases,1
official,1
departure,1
copyrights,1
acquainting,1
xxxiv,1
words,1
containing,1
friendly,1
georgia,1
divinity,1
immense,1
copy,1
tradition,1
twenty,1
professions,1
daily,1
desire,1
simple,1
thank,1
sundry,1
accumulated,1
wave,1
assembled,1
borne,1
studied,1
mills,1
incident,1
gth,1
wore,1
delusion,1
providence,1
immortal,1
malpractice,1
graham,1
antipathy,1
deemed,1
nevertheless,1
quarantine,1
help,1
achieved,1
xx,1
ancestry,1
interviewed,1
stacy,1
emphasized,1
respond,1
precisely,1
sacred,1
mr,1
raised,1
reminiscent,1
classified,1
evangelicalism,1
opposite,1
thy,1
alike,1
successes,1
intelligence,1
sermon,1
hostility,1
hostile,1
within,1
gratified,1
papers,1
calvary,1
pecuniary,1
side,1
muckraking,1
preventing,1
alfred,1
dr,1
promulgated,1
shaken,1
fascinated,1
recorded,1
assertions,1
key,1
task,1
money,1
saying,1
regaining,1
draw,1
right,1
march,1
efficacious,1
stereotype,1
ethereal,1
account,1
possible,1
machinery,1
cooperation,1
concentrating,1
xv,1
condition,1
denver,1
ih,1
reaching,1
establishing,1
election,1
powers,1
renowned,1
fraud,1
julian,1
move,1
investigator,1
crowned,1
ararat,1
ruefully,1
community,1
disadvantage,1
taking,1
doctrinal,1
supervision,1
establishment,1
asserting,1
anomalous,1
desirable,1
controversialist,1
constrained,1
undoubtedly,1
promises,1
himself,1
data,1
letter,1
safely,1
sweet,1
disrelish,1
behavior,1
cannonaded,1
diversity,1
failing,1
hudson,1
ranked,1
exist,1
learned,1
complained,1
steadfastness,1
million,1
pen,1
fetid,1
throughout,1
unaccustomed,1
denying,1
natuiral,1
relocation,1
oversoul,1
goo,1
ineffectiveness,1
reverse,1
explained,1
used,1
republished,1
spectrum,1
immediate,1
ethical,1
stated,1
professor,1
bent,1
understand,1
finney,1
dominated,1
reset,1
helen,1
september,1
mead,1
agent,1
bodily,1
correcting,1
characteristic,1
regarded,1
mott,1
vigilance,1
attested,1
walter,1
price,1
adams,1
discover,1
advertiser,1
convention,1
type,1
neat,1
loser,1
insult,1
arena,1
entumerated,1
outraged,1
affairs,1
onslaughts,1
contagious,1
turn,1
buddhism,1
sustain,1
acquiring,1
maladies,1
suits,1
channeled,1
underlying,1
places,1
perspective,1
mugwumps,1
lxxxvi,1
refer,1
concerning,1
infrequently,1
subjects,1
spanned,1
approval,1
withdraw,1
practitioner,1
extraordinary,1
provisional,1
suitable,1
insufferable,1
compared,1
left,1
clergyman,1
ecclesiastical,1
mist,1
jacob,1
andover,1
truly,1
estimate,1
baseless,1
grandison,1
burnham,1
marvelous,1
ioi,1
consequently,1
preserving,1
practically,1
collegeville,1
resolutions,1
boom,1
apparently,1
looms,1
coasts,1
psychoanalysis,1
secularism,1
consciences,1
edifices,1
angell,1
incarnation,1
haze,1
sensations,1
restore,1
disciples,1
atmospheres,1
harbinger,1
mysticisms,1
disbanded,1
portland,1
sweeping,1
philadelphia,1
foretell,1
town,1
menace,1
creeping,1
likeness,1
unhappily,1
ably,1
lxv,1
destroy,1
aimed,1
developed,1
angeles,1
district,1
diabolic,1
aggressive,1
sort,1
forced,1
basic,1
cii,1
antagonistic,1
heresy,1
preparing,1
centralization,1
whirl,1
midwest,1
repudiation,1
conceptions,1
catholics,1
examined,1
pervasiveness,1
heard,1
persistent,1
lamented,1
pervade,1
leave,1
impure,1
direct,1
easily,1
igio,1
institutionalized,1
pages,1
sick,1
columbian,1
witness,1
revelation,1
salable,1
crusade,1
deadening,1
summarized,1
practicing,1
xxx,1
factors,1
miscellaneous,1
risks,1
proclaimed,1
support,1
antagonism,1
soul,1
orphanages,1
determination,1
utterly,1
changes,1
escape,1
affect,1
adopt,1
xlvi,1
charges,1
delegation,1
maiden,1
erecting,1
literary,1
organized,1
inscribed,1
branch,1
energy,1
metaphysics,1
reformer,1
frenzied,1
just,1
edition,1
weather,1
churchgoers,1
argued,1
ignorance,1
surgery,1
chagrined,1
advancing,1
age,1
orientation,1
four,1
show,1
elwood,1
attitudes,1
gleaming,1
slums,1
origins,1
powerful,1
prospering,1
definite,1
prairie,1
votes,1
harshest,1
method,1
permanent,1
interposition,1
helped,1
opinion,1
decades,1
scientism,1
appear,1
perceive,1
thrust,1
graduates,1
reflections,1
holdings,1
whereas,1
greater,1
xlix,1
faunce,1
standards,1
closely,1
based,1
lead,1
abandoning,1
declined,1
appearance,1
cloak,1
rule,1
viewpoint,1
superhuman,1
preaching,1
strength,1
typical,1
carol,1
effort,1
lived,1
shryock,1
wholly,1
pass,1
events,1
radical,1
requirements,1
anathematizing,1
pioneer,1
stipulated,1
noting,1
hospitals,1
vigorous,1
shield,1
almost,1
believer,1
expelling,1
obviously,1
evaluate,1
congregations,1
late,1
vedanta,1
infected,1
attach,1
conversions,1
wager,1
fourth,1
xxxiii,1
outset,1
supporters,1
traced,1
traits,1
cultural,1
precipitate,1
poverty,1
mainly,1
professes,1
stock,1
witnessed,1
precautions,1
viewed,1
schneider,1
symbols,1
wholesome,1
nonscientists,1
mcloughlin,1
tiffany,1
whimsies,1
verged,1
spur,1
your,1
patent,1
overstrain,1
judicial,1
shepard,1
taught,1
congratulated,1
enough,1
somatic,1
profit,1
hues,1
graciously,1
january,1
severest,1
oh,1
near,1
scene,1
expressions,1
wants,1
impression,1
receive,1
because,1
notebook,1
sounded,1
lost,1
gained,1
periodical,1
aging,1
none,1
scroll,1
participation,1
daggett,1
christidea,1
betrayed,1
healthymindedness,1
correctly,1
revealed,1
lxiv,1
gains,1
idealistic,1
los,1
student,1
voted,1
heart,1
ailment,1
differ,1
suspicion,1
inconveniences,1
stir,1
training,1
example,1
denial,1
apparent,1
confined,1
quickly,1
related,1
multiplied,1
journals,1
newest,1
caught,1
shocking,1
genuine,1
q,1
older,1
inauspicious,1
discussions,1
broad,1
beginnings,1
concentrate,1
actually,1
atoned,1
predicts,1
participated,1
statistics,1
bankrupt,1
et,1
panacea,1
macon,1
cry,1
surrounding,1
psychologist,1
hampshire,1
anything,1
systematic,1
xviii,1
rector,1
tendency,1
interpreted,1
status,1
wheat,1
strongest,1
drug,1
count,1
manipulation,1
cults,1
change,1
wednesday,1
officials,1
physician,1
fied,1
sense,1
lealnings,1
correct,1
gauged,1
caused,1
working,1
below,1
allegiance,1
voiced,1
sunder,1
adherents,1
dictionary,1
protest,1
stuidy,1
guardians,1
behold,1
exhorted,1
pittsburgh,1
cope,1
tenn,1
sixty,1
reaches,1
things,1
quite,1
ward,1
event,1
unimpressed,1
misbelief,1
fast,1
around,1
family,1
overwork,1
openly,1
affluent,1
weighty,1
characteristics,1
atnosphere,1
accomplished,1
disposition,1
passeth,1
floating,1
grow,1
executed,1
lawyers,1
comfort,1
presence,1
peace,1
protect,1
texas,1
stone,1
latest,1
christendom,1
diversified,1
foremost,1
delinquency,1
crude,1
maine,1
always,1
customary,1
ohio,1
st,1
doctrines,1
renewed,1
inaccessible,1
envelope,1
results,1
inquiries,1
notes,1
diminished,1
purporting,1
discoverer,1
intercessions,1
perils,1
giflord,1
evoked,1
massive,1
geographical,1
invest,1
seemed,1
pope,1
addiction,1
erring,1
prescribed,1
believers,1
sidney,1
eternal,1
critical,1
affixed,1
counteract,1
therefore,1
womanhood,1
led,1
separatist,1
adhering,1
second,1
candid,1
irrespective,1
arrangement,1
frederick,1
philanthropic,1
apprehensive,1
variety,1
various,1
bringing,1
steadily,1
identified,1
cleanliness,1
doctoral,1
proscribe,1
duffy,1
five,1
cloud,1
motivated,1
wait,1
tide,1
classic,1
exception,1
prevailing,1
forbidden,1
denominator,1
april,1
reduce,1
prove,1
allen,1
porticoes,1
still,1
reconstruction,1
bill,1
commenced,1
ignorant,1
indignation,1
lxxxv,1
suppose,1
hold,1
reception,1
kimball,1
innovation,1
direction,1
com,1
parker,1
theologians,1
verses,1
xxi,1
guide,1
frank,1
jaded,1
chronicle,1
simultaneous,1
antiquarian,1
urged,1
decline,1
paralysis,1
reference,1
unfriendly,1
excessively,1
worshipers,1
suited,1
read,1
dreams,1
expansiveness,1
builds,1
esoteric,1
trent,1
borrowed,1
exposure,1
combat,1
neither,1
disagreeable,1
mabel,1
ancient,1
luke,1
assimilation,1
versifier,1
home,1
extravagant,1
vatican,1
rightly,1
complete,1
naught,1
lhamon,1
baltimore,1
al,1
abell,1
forbidding,1
nineteenthcentury,1
industrial,1
illustrated,1
touching,1
unusually,1
congresses,1
bar,1
perceptively,1
schatiherzog,1
retired,1
prophecies,1
lavish,1
transcendentalism,1
chagrin,1
lamb,1
atheistic,1
fire,1
ind,1
paul,1
heritage,1
attacks,1
challenge,1
prompting,1
neglect,1
mark,1
washed,1
rumored,1
anesthetics,1
addition,1
added,1
winter,1
financial,1
headquarters,1
ban,1
persuasion,1
happening,1
admit,1
complaints,1
conduct,1
scholars,1
nineties,1
renascent,1
areas,1
churchly,1
striking,1
aegis,1
proposal,1
plan,1
environs,1
tares,1
reformed,1
reform,1
pestilential,1
choice,1
teachers,1
transcendental,1
casualties,1
children,1
pamphlet,1
theologian,1
personality,1
dispassionate,1
adoniram,1
irregulars,1
resolved,1
considerable,1
flocks,1
acclaim,1
convert,1
discussed,1
utilize,1
worn,1
audiences,1
removal,1
inquired,1
psychologists,1
patterns,1
outside,1
multiplication,1
clemens,1
xcii,1
determinism,1
fame,1
shameless,1
journalists,1
ninety,1
attempting,1
devoted,1
lews,1
validity,1
endorsed,1
suburb,1
less,1
necessary,1
blind,1
spring,1
politic,1
deep,1
charter,1
englewoo,1
books,1
compelled,1
gerberding,1
ordinary,1
threats,1
gives,1
stanford,1
thle,1
moot,1
linked,1
presentation,1
mormons,1
ankle,1
sir,1
olmstead,1
discourses,1
meetings,1
week,1
kansas,1
recognizing,1
menacing,1
greatest,1
murders,1
reveals,1
meaningful,1
casual,1
orthodoxies,1
theirs,1
secured,1
certain,1
father,1
intimate,1
atlantic,1
excluding,1
considering,1
psychotherapeutic,1
discovery,1
chiefly,1
accompanying,1
eighteenth,1
values,1
region,1
clhristian,1
tenney,1
incompatibility,1
scorned,1
odell,1
billy,1
dollar,1
ruthless,1
tenets,1
bibles,1
denies,1
religiously,1
equanimity,1
wonderful,1
mysticism,1
lhad,1
assume,1
aside,1
prominently,1
bostonian,1
bitter,1
stamp,1
identical,1
maintains,1
engaged,1
merit,1
examination,1
stay,1
prints,1
chosen,1
raising,1
dismissed,1
hardened,1
theoretical,1
anthology,1
charge,1
versions,1
clear,1
biblical,1
margaret,1
ellinwood,1
columned,1
doctors,1
grew,1
maurice,1
express,1
ah,1
ere,1
aaron,1
reputation,1
utter,1
victory,1
essay,1
lady,1
objection,1
admission,1
landman,1
individual,1
symposium,1
architectural,1
evening,1
slander,1
impelled,1
spread,1
general,1
mount,1
unreality,1
high,1
collected,1
unsettled,1
households,1
cabot,1
tangible,1
believing,1
iio,1
thomas,1
adequately,1
corrupt,1
municipal,1
instruction,1
morals,1
perlita,1
exchange,1
mcgarry,1
quick,1
metaphysically,1
strangely,1
educational,1
especially,1
jurisdiction,1
problems,1
guilt,1
crass,1
satisfy,1
parallel,1
tartly,1
newspapers,1
exaggeration,1
unconvinced,1
interferes,1
editors,1
relation,1
sight,1
gnosticism,1
commands,1
overcome,1
preston,1
xvi,1
shallow,1
deluge,1
displayed,1
phare,1
alert,1
consulting,1
postwar,1
crucifixion,1
looked,1
securing,1
attracted,1
morris,1
wiggin,1
unwonted,1
dogmatism,1
connections,1
attend,1
professional,1
quarter,1
recurring,1
outright,1
libertinism,1
decay,1
cards,1
trutths,1
widely,1
division,1
separate,1
infants,1
discriminating,1
revivalism,1
carried,1
incongruous,1
farce,1
accepting,1
indication,1
twelve,1
assigned,1
relationship,1
aid,1
declaration,1
perry,1
sanitation,1
stared,1
replied,1
thoughtl,1
hon,1
popularity,1
crucial,1
flourish,1
woeful,1
denton,1
ministry,1
bound,1
program,1
frequent,1
vague,1
wild,1
dislocated,1
curative,1
resumed,1
patients,1
becomes,1
means,1
twain,1
seen,1
affinity,1
strongly,1
heding,1
returned,1
render,1
effectively,1
recalled,1
proposition,1
importantly,1
contribution,1
wilson,1
excited,1
anxiety,1
recognize,1
rapidly,1
milmine,1
try,1
indicate,1
acquaintances,1
woodbridge,1
volumes,1
recluse,1
class,1
impossibilities,1
sinners,1
inspired,1
counseling,1
construction,1
analysis,1
norton,1
blood,1
bahaism,1
fall,1
hope,1
surprising,1
manhood,1
endure,1
composed,1
centuries,1
exists,1
get,1
invades,1
orient,1
phineas,1
eugene,1
congregationalism,1
omen,1
regularly,1
bowyer,1
announces,1
matters,1
dissertation,1
school,1
assistant,1
riley,1
vigor,1
seriously,1
emotional,1
rarely,1
fifteen,1
thinking,1
pragmatist,1
xxiv,1
preface,1
series,1
formalistic,1
changing,1
conjunction,1
heathen,1
contradiction,1
constituted,1
scarcely,1
potter,1
groaned,1
incalculable,1
isaac,1
caprices,1
physical,1
temporal,1
recruits,1
hearts,1
ralph,1
corrections,1
disapproval,1
fay,1
listeners,1
here,1
totter,1
allegation,1
cover,1
maxon,1
cliffs,1
legislature,1
outcome,1
mlfrs,1
natural,1
deficiencies,1
darkest,1
hampton,1
monthly,1
xxvii,1
readily,1
guarding,1
ipeabody,1
exaggerations,1
different,1
worth,1
amterican,1
attribute,1
auxiliary,1
relieve,1
seem,1
board,1
capital,1
dispensaries,1
best,1
alexander,1
pragmatic,1
down,1
restrictive,1
prominence,1
unscathed,1
brick,1
sensational,1
obscurely,1
constructions,1
universal,1
stupendous,1
returns,1
vicious,1
report,1
counting,1
twentyfive,1
boasted,1
halos,1
clearly,1
mason,1
pleigh,1
perfectly,1
disciple,1
cautious,1
workingmen,1
embodiment,1
exotic,1
houses,1
fail,1
deserving,1
distinctive,1
chaotic,1
works,1
scores,1
ezra,1
tehilla,1
drum,1
possibility,1
better,1
evident,1
turned,1
usual,1
gratify,1
beginning,1
stature,1
elevated,1
knows,1
hinduism,1
born,1
according,1
realize,1
succeeded,1
defending,1
explanations,1
completion,1
convenient,1
quackery,1
unique,1
tended,1
stability,1
making,1
rising,1
rebellion,1
evangelical,1
cause,1
trinity,1
allowance,1
thirty,1
dallas,1
maintain,1
covers,1
saint,1
edinburgh,1
mere,1
xcvii,1
novelty,1
tightly,1
leaving,1
extent,1
unwise,1
clinics,1
fully,1
cincinnati,1
greedy,1
divinely,1
bitterly,1
adventurous,1
institute,1
vitality,1
require,1
secure,1
constitutional,1
unrealities,1
opportunistic,1
agreed,1
esthetic,1
squalid,1
urban,1
queries,1
adorned,1
art,1
size,1
middle,1
periodicals,1
welcome,1
theologies,1
conference,1
presented,1
owner,1
classes,1
recognition,1
apostle,1
extracts,1
affecting,1
taxed,1
introduced,1
befriended,1
joining,1
waning,1
die,1
listings,1
preached,1
lies,1
aptly,1
rigid,1
blot,1
acute,1
confronted,1
measure,1
contribute,1
tender,1
lesson,1
arguments,1
protestants,1
discussion,1
abbott,1
families,1
initiation,1
chattanooga,1
maintained,1
ensuing,1
writing,1
aspect,1
coming,1
catches,1
childhood,1
blasphemy,1
counterproposal,1
sparked,1
refutation,1
strong,1
remarks,1
denominational,1
examinations,1
seek,1
enthusiasm,1
formation,1
shown,1
handicap,1
survival,1
touch,1
score,1
invasion,1
firmament,1
ignored,1
conspired,1
twentieth,1
butt,1
institutional,1
write,1
clifton,1
sprung,1
aware,1
fordham,1
chturches,1
illegitimate,1
contributed,1
immorality,1
joined,1
enlightenment,1
need,1
inherent,1
smaller,1
writer,1
glass,1
pseudo,1
surgical,1
exceeding,1
incidents,1
attributes,1
effects,1
contamination,1
attempted,1
organ,1
instinct,1
pluralistic,1
oldest,1
measured,1
remains,1
increased,1
campaign,1
dispose,1
governnment,1
morning,1
parentage,1
observation,1
transcendentalists,1
creeds,1
potential,1
admitting,1
removed,1
penetrated,1
georgine,1
melange,1
disrespectful,1
urbane,1
mystery,1
lx,1
justify,1
tastes,1
avowed,1
stemming,1
sits,1
exclusively,1
import,1
solicitous,1
arose,1
vagaries,1
traditional,1
cxcviii,1
fellowship,1
calamity,1
focus,1
duration,1
assuredly,1
outdone,1
avoid,1
cosmopolitan,1
swept,1
famous,1
breathed,1
building,1
broader,1
tract,1
asked,1
adorn,1
showed,1
termed,1
portrait,1
discern,1
xxv,1
